tenant_count,group_label,input_tokens,prefix_hit_rate,prefix_hit_tokens,ttft_ms
16,Group1,840.0,0.0,0.0,260.3098
16,Group1,50.0,0.0,48.0,285.7659
16,Group2,50.0,0.0,0.0,100.6689
16,Group1,636.0,0.0,0.0,365.7751
16,Group2,49.0,0.0,48.0,288.5926
16,Group2,47.0,0.0,0.0,362.7868
16,Group1,50.0,0.0,48.0,278.206
16,Group1,243.0,0.0,0.0,265.3414
16,Group2,50.0,0.0,48.0,353.3234
16,Group1,840.0,0.0,832.0,359.7642
16,Group2,50.0,0.0,48.0,277.7389
16,Group2,50.0,0.0,48.0,355.775
16,Group1,243.0,0.0,240.0,358.2442
16,Group2,50.0,0.0,48.0,283.2178
16,Group2,50.0,0.0,48.0,309.6841
16,Group1,69.0,0.0,0.0,313.4011
16,Group1,2240.0,0.022857,48.0,1855.5582
16,Group1,2367.0,0.030203,64.0,6822.2887
16,Group1,2239.0,0.022868,48.0,1831.0809
16,Group2,704.0,0.085106,48.0,217.3439
16,Group2,704.0,0.085106,48.0,6847.2392
16,Group1,2731.0,0.232402,624.0,6854.7895
16,Group1,2548.0,0.104712,240.0,6849.3106
16,Group1,2946.0,0.287989,832.0,6831.5718
16,Group1,2549.0,0.104666,240.0,6815.1931
16,Group1,2921.0,0.287989,832.0,6829.8093
16,Group2,704.0,0.085106,48.0,6817.1666
16,Group2,704.0,0.085106,48.0,1817.0063
16,Group2,704.0,0.085106,48.0,1850.9165
16,Group2,704.0,0.085106,48.0,1843.4655
16,Group2,613.0,0.057041,32.0,6826.219
16,Group2,703.0,0.085258,48.0,1830.3344
16,Group1,4865.0,0.553284,2544.0,10703.9386
16,Group1,5102.0,0.585798,2912.0,14614.1026
16,Group2,1482.0,0.577997,704.0,10744.4782
16,Group2,1482.0,0.577997,704.0,588.8384
16,Group1,4553.0,0.522266,2240.0,10674.4707
16,Group1,4553.0,0.518536,2224.0,10707.2544
16,Group1,4543.0,0.532488,2352.0,10760.6199
16,Group2,1482.0,0.577997,704.0,10749.0927
16,Group2,1482.0,0.577997,704.0,10722.9506
16,Group1,4866.0,0.553164,2544.0,10720.5328
16,Group2,1482.0,0.577997,704.0,383.3461
16,Group2,1482.0,0.577997,704.0,10759.4674
16,Group1,6926.0,0.703297,4864.0,18702.6026
16,Group1,6840.0,0.688172,4544.0,21539.2766
16,Group2,2230.0,0.738585,1472.0,18707.3918
16,Group2,2233.0,0.737475,1472.0,18664.7635
16,Group2,2233.0,0.737475,1472.0,2993.4639
16,Group1,6840.0,0.688172,4544.0,18720.4133
16,Group1,7272.0,0.710006,5024.0,18624.1636
16,Group1,7181.0,0.711509,5088.0,18678.3855
16,Group1,6952.0,0.703093,4864.0,18604.68
16,Group1,6951.0,0.689216,4544.0,2721.4878
16,Group1,6925.0,0.703398,4864.0,18675.9501
16,Group2,2233.0,0.737475,1472.0,18661.3289
16,Group2,2233.0,0.737475,1472.0,18627.5293
16,Group1,8974.0,0.768504,6832.0,25247.793
16,Group2,2831.0,0.80961,2224.0,25212.3675
16,Group2,2831.0,0.80961,2224.0,477.1256
16,Group1,8994.0,0.771836,6928.0,4013.5587
16,Group2,2709.0,0.794597,2000.0,25278.022
16,Group2,2830.0,0.809905,2224.0,25293.5919
16,Group1,9242.0,0.776514,7168.0,25208.8043
16,Group1,9349.0,0.779232,7264.0,25178.4853
16,Group1,8974.0,0.768504,6832.0,25273.7187
16,Group1,9047.0,0.77147,6944.0,27047.2185
16,Group1,8992.0,0.772008,6928.0,25171.582
16,Group1,9174.0,0.77147,6944.0,25303.1884
16,Group2,2828.0,0.810496,2224.0,25250.1144
16,Group2,2831.0,0.80961,2224.0,3999.8101
16,Group2,2831.0,0.80961,2224.0,3993.398
16,Group1,11311.0,0.814198,8992.0,27877.8061
16,Group2,3489.0,0.841854,2816.0,605.1121
16,Group2,3489.0,0.841854,2816.0,1015.671
16,Group1,11168.0,0.812772,8960.0,28018.6717
16,Group1,11474.0,0.819721,9344.0,27949.2812
16,Group1,11308.0,0.814419,8992.0,27956.5717
16,Group1,11197.0,0.814635,9040.0,27912.9567
16,Group1,11440.0,0.816821,9168.0,35427.2268
16,Group2,3489.0,0.841854,2816.0,28017.7498
16,Group2,3488.0,0.842105,2816.0,27920.7722
16,Group2,3489.0,0.841854,2816.0,27987.2019
16,Group1,11168.0,0.812772,8960.0,27990.8482
16,Group1,13309.0,0.844908,11168.0,42072.1786
16,Group1,13654.0,0.848332,11472.0,39322.1886
16,Group2,4094.0,0.871346,3488.0,5590.6863
16,Group2,4015.0,0.865197,3376.0,39326.5955
16,Group1,13510.0,0.848036,11440.0,39369.1134
16,Group1,13309.0,0.844908,11168.0,39408.048
16,Group1,13360.0,0.845474,11200.0,39278.5707
16,Group1,13594.0,0.846694,11344.0,5143.5993
16,Group2,4093.0,0.871564,3488.0,39285.3742
16,Group1,13642.0,0.846643,11312.0,39397.111
16,Group1,13638.0,0.846897,11312.0,39364.184
16,Group1,15601.0,0.865681,13296.0,36131.1206
16,Group2,4846.0,0.886186,4080.0,36125.6524
16,Group2,4850.0,0.885417,4080.0,36166.2169
16,Group2,4850.0,0.885417,4080.0,51735.078
16,Group2,4850.0,0.885417,4080.0,36163.4848
16,Group2,4848.0,0.885801,4080.0,51700.2807
16,Group1,15731.0,0.868376,13584.0,36184.1281
16,Group1,15601.0,0.865681,13296.0,36054.6341
16,Group2,4850.0,0.885417,4080.0,36107.0582
16,Group1,15974.0,0.869,13632.0,51644.316
16,Group1,15897.0,0.86697,13360.0,36230.1955
16,Group1,15725.0,0.869189,13648.0,51737.8846
16,Group1,15663.0,0.867866,13504.0,36178.0718
16,Group1,15979.0,0.869743,13648.0,51703.5884
16,Group2,4608.0,0.883392,4000.0,36110.119
16,Group2,4850.0,0.885417,4080.0,861.108
16,Group1,17794.0,0.883803,15600.0,51348.7032
16,Group1,18037.0,0.886572,15984.0,51459.9359
16,Group2,5507.0,0.903803,4848.0,51311.7605
16,Group1,18002.0,0.884938,15728.0,51239.0637
16,Group2,5507.0,0.903803,4848.0,51414.9439
16,Group1,17794.0,0.883803,15600.0,51404.3529
16,Group1,18032.0,0.885273,15888.0,6553.2004
16,Group1,18032.0,0.886818,15984.0,51305.7795
16,Group2,5429.0,0.899824,4608.0,51247.526
16,Group2,5502.0,0.904646,4848.0,7823.1115
16,Group1,17809.0,0.88544,15744.0,51356.0734
16,Group2,5507.0,0.903803,4848.0,7778.3446
16,Group1,17956.0,0.884322,15664.0,55903.7117
16,Group1,19948.0,0.896722,17808.0,46391.6191
16,Group1,20099.0,0.89765,18032.0,46257.5278
16,Group2,6107.0,0.914134,5504.0,60650.1247
16,Group2,6100.0,0.912824,5424.0,46458.37
16,Group1,20159.0,0.897919,18032.0,46493.8433
16,Group1,20094.0,0.897874,18032.0,46503.2922
16,Group1,19930.0,0.896593,17792.0,60642.5061
16,Group1,19930.0,0.896593,17792.0,46330.3349
16,Group1,20059.0,0.897331,17952.0,60703.0986
16,Group2,6107.0,0.914134,5504.0,46462.4229
16,Group2,6102.0,0.914894,5504.0,46325.0795
16,Group1,20112.0,0.897666,18000.0,46263.9946
16,Group2,6106.0,0.914286,5504.0,46208.985
16,Group2,6107.0,0.914134,5504.0,834.4355
16,Group2,6105.0,0.914438,5504.0,46399.1348
16,Group2,6107.0,0.914134,5504.0,46568.3038
8,Group1,243.0,0.0,240.0,387.319
8,Group2,50.0,0.0,48.0,364.3603
8,Group2,50.0,0.0,0.0,390.079
8,Group2,840.0,0.0,832.0,366.3244
8,Group1,840.0,0.0,0.0,386.4004
8,Group1,636.0,0.0,0.0,381.4996
8,Group2,69.0,0.0,0.0,392.0949
8,Group1,243.0,0.0,0.0,101.4533
8,Group1,2548.0,0.104712,240.0,3625.739
8,Group2,704.0,0.085106,48.0,3628.0591
8,Group2,831.0,0.109777,64.0,224.4838
8,Group1,2732.0,0.232316,624.0,1062.8772
8,Group1,2548.0,0.104712,240.0,3617.0787
8,Group2,704.0,0.085106,48.0,1060.4246
8,Group2,1386.0,0.614476,832.0,3635.8046
8,Group1,2947.0,0.287889,832.0,3635.7287
8,Group1,4863.0,0.553525,2544.0,4305.2495
8,Group1,5029.0,0.589153,2944.0,7462.0928
8,Group1,4868.0,0.5688,2720.0,7448.5878
8,Group2,2031.0,0.724211,1376.0,4272.5857
8,Group2,1471.0,0.618587,832.0,4293.3596
8,Group1,4859.0,0.554007,2544.0,1802.0368
8,Group2,1482.0,0.577997,704.0,4295.8904
8,Group2,1482.0,0.577997,704.0,4298.0091
8,Group1,6923.0,0.703602,4864.0,10605.1623
8,Group1,6917.0,0.701897,4848.0,2453.9741
8,Group2,2342.0,0.741935,1472.0,5345.7329
8,Group2,2575.0,0.798428,2032.0,10639.011
8,Group1,6951.0,0.703195,4864.0,5338.1398
8,Group1,7275.0,0.709705,5024.0,10608.6167
8,Group2,2233.0,0.737475,1472.0,10640.6061
8,Group2,2233.0,0.737475,1472.0,5330.2901
8,Group1,9047.0,0.77147,6944.0,13427.5682
8,Group1,8989.0,0.770483,6912.0,3159.9357
8,Group2,3029.0,0.817927,2336.0,3529.2367
8,Group2,2831.0,0.80961,2224.0,13455.7385
8,Group1,8984.0,0.770912,6912.0,13479.8798
8,Group2,3100.0,0.833927,2576.0,13486.2742
8,Group2,2831.0,0.80961,2224.0,13429.9067
8,Group1,9352.0,0.778981,7264.0,13457.8365
8,Group1,11197.0,0.814635,9040.0,17994.4609
8,Group1,11306.0,0.813117,8976.0,4395.5074
8,Group1,11476.0,0.819577,9344.0,18001.8247
8,Group2,3489.0,0.841854,2816.0,17971.8854
8,Group2,3489.0,0.841854,2816.0,17985.2121
8,Group2,3759.0,0.853514,3024.0,17983.4927
8,Group2,3671.0,0.854455,3088.0,18035.6802
8,Group1,11301.0,0.813486,8976.0,8552.1049
8,Group1,13637.0,0.845762,11296.0,6289.9874
8,Group2,4094.0,0.871346,3488.0,658.4978
8,Group2,4293.0,0.879944,3760.0,21783.8256
8,Group1,13360.0,0.844267,11184.0,21734.9019
8,Group1,13632.0,0.846079,11296.0,21689.9085
8,Group1,13657.0,0.848144,11472.0,21694.3113
8,Group2,4093.0,0.871564,3488.0,21744.3232
8,Group2,4380.0,0.875717,3664.0,6262.2281
8,Group1,15974.0,0.869,13632.0,26406.0435
8,Group1,15730.0,0.868912,13648.0,26358.2747
8,Group2,4850.0,0.885417,4080.0,26362.7793
8,Group2,4982.0,0.892521,4368.0,26343.2042
8,Group2,4910.0,0.892032,4288.0,26393.6681
8,Group2,4849.0,0.885609,4080.0,26395.7656
8,Group1,15968.0,0.869332,13632.0,6238.9643
8,Group1,15897.0,0.86697,13360.0,26417.9059
8,Group1,18024.0,0.886323,15968.0,27740.4901
8,Group2,5507.0,0.903803,4848.0,825.1134
8,Group2,5667.0,0.905605,4912.0,27636.4337
8,Group1,18032.0,0.885273,15888.0,27739.8945
8,Group2,5523.0,0.905551,4976.0,1366.5504
8,Group1,18008.0,0.884639,15728.0,27655.3563
8,Group2,5506.0,0.903972,4848.0,27641.6231
8,Group1,18032.0,0.886818,15984.0,27662.2366
8,Group1,20118.0,0.898195,18016.0,30202.5622
8,Group1,20092.0,0.897963,18032.0,30194.0563
8,Group2,6107.0,0.914134,5504.0,30112.9052
8,Group2,6234.0,0.916357,5664.0,30124.3228
8,Group2,6126.0,0.914361,5520.0,782.2994
8,Group2,6106.0,0.914286,5504.0,30108.7608
8,Group1,20084.0,0.898321,18032.0,30064.549
8,Group1,20159.0,0.897919,18032.0,30131.6146
16,Group1,840.0,0.0,832.0,334.2987
16,Group2,47.0,0.0,0.0,325.449
16,Group2,50.0,0.0,48.0,342.8818
16,Group2,50.0,0.0,48.0,355.6572
16,Group1,50.0,0.0,48.0,352.7754
16,Group1,636.0,0.0,0.0,338.5981
16,Group1,243.0,0.0,240.0,335.5071
16,Group1,243.0,0.0,0.0,103.5981
16,Group2,50.0,0.0,48.0,349.0861
16,Group1,50.0,0.0,48.0,340.91
16,Group1,69.0,0.0,0.0,345.6754
16,Group1,840.0,0.0,0.0,363.4509
16,Group2,50.0,0.0,0.0,123.9927
16,Group2,49.0,0.0,48.0,78.3994
16,Group2,50.0,0.0,48.0,76.7924
16,Group2,50.0,0.0,48.0,345.6176
16,Group1,2549.0,0.104666,240.0,903.4178
16,Group2,704.0,0.085106,48.0,1174.2309
16,Group2,704.0,0.085106,48.0,6024.2261
16,Group2,703.0,0.085258,48.0,6049.2916
16,Group2,702.0,0.085409,48.0,1155.4691
16,Group1,2239.0,0.022868,48.0,6037.3202
16,Group2,704.0,0.085106,48.0,1152.7341
16,Group1,2946.0,0.287989,832.0,6015.7788
16,Group1,2731.0,0.232402,624.0,6042.8837
16,Group1,2240.0,0.022857,48.0,6040.813
16,Group1,2549.0,0.104666,240.0,6028.9467
16,Group1,2365.0,0.030231,64.0,6036.6473
16,Group2,704.0,0.085106,48.0,6046.8229
16,Group2,704.0,0.085106,48.0,6018.2665
16,Group2,612.0,0.057143,32.0,6869.9303
16,Group1,4553.0,0.518536,2224.0,10848.7459
16,Group2,1482.0,0.577997,704.0,558.9557
16,Group2,1482.0,0.577997,704.0,10866.295
16,Group2,1482.0,0.577997,704.0,10800.2528
16,Group1,4866.0,0.553164,2544.0,10818.3428
16,Group2,1481.0,0.578472,704.0,14487.3478
16,Group1,4542.0,0.532609,2352.0,10843.2422
16,Group1,5027.0,0.589389,2944.0,10882.9051
16,Group1,5101.0,0.585915,2912.0,10859.9918
16,Group1,4554.0,0.522145,2240.0,10801.4625
16,Group2,1480.0,0.565789,688.0,368.9445
16,Group2,1481.0,0.565325,688.0,10823.7502
16,Group1,6841.0,0.688068,4544.0,19651.8013
16,Group2,2233.0,0.737475,1472.0,19680.0149
16,Group2,2232.0,0.737845,1472.0,19680.2351
16,Group2,2231.0,0.738215,1472.0,19712.5006
16,Group1,7181.0,0.711509,5088.0,19736.7563
16,Group1,6951.0,0.703195,4864.0,19715.3111
16,Group1,7273.0,0.709905,5024.0,5126.1193
16,Group1,6950.0,0.68932,4544.0,19721.0247
16,Group1,6840.0,0.688172,4544.0,2605.3725
16,Group1,6926.0,0.703297,4864.0,19688.1381
16,Group2,2232.0,0.737845,1472.0,19691.4273
16,Group2,2233.0,0.737475,1472.0,19710.3513
16,Group1,6926.0,0.703297,4864.0,21655.2234
16,Group2,2003.0,0.708918,1264.0,19739.2926
16,Group1,8973.0,0.76859,6832.0,21081.8251
16,Group2,2830.0,0.809905,2224.0,27036.3128
16,Group1,9047.0,0.77147,6944.0,21003.8351
16,Group2,2831.0,0.80961,2224.0,764.2761
16,Group2,2830.0,0.809905,2224.0,21112.866
16,Group1,9349.0,0.779232,7264.0,21116.6186
16,Group1,9173.0,0.771556,6944.0,21150.3653
16,Group1,8975.0,0.768418,6832.0,20999.4841
16,Group2,2830.0,0.809905,2224.0,490.0321
16,Group2,2709.0,0.794597,2000.0,21088.773
16,Group2,2830.0,0.809905,2224.0,21035.1023
16,Group2,2830.0,0.809905,2224.0,21049.4064
16,Group1,9242.0,0.778247,7184.0,21053.2288
16,Group2,2829.0,0.8102,2224.0,21032.004
16,Group1,11439.0,0.816894,9168.0,35493.6224
16,Group2,3488.0,0.842105,2816.0,24517.0969
16,Group1,11311.0,0.814198,8992.0,24567.1054
16,Group1,11474.0,0.819721,9344.0,24489.6854
16,Group1,11349.0,0.818987,9248.0,35450.6162
16,Group1,11197.0,0.814635,9040.0,24512.3827
16,Group1,11169.0,0.812698,8960.0,24560.7427
16,Group2,3488.0,0.842105,2816.0,24457.1166
16,Group1,11167.0,0.812846,8960.0,35489.1955
16,Group2,3488.0,0.842105,2816.0,24473.3532
16,Group2,3388.0,0.83897,2704.0,24477.3826
16,Group2,3488.0,0.842105,2816.0,24458.5821
16,Group2,3488.0,0.842105,2816.0,24487.4854
16,Group1,11311.0,0.814198,8992.0,24423.9351
16,Group2,3487.0,0.842357,2816.0,24429.6706
16,Group2,3488.0,0.842105,2816.0,636.3092
16,Group1,13642.0,0.846643,11312.0,32001.9303
16,Group1,13310.0,0.844845,11168.0,32043.4437
16,Group1,13595.0,0.84663,11344.0,32181.2556
16,Group1,13642.0,0.846643,11312.0,32222.2379
16,Group2,4093.0,0.871564,3488.0,657.1768
16,Group2,4092.0,0.867783,3472.0,32187.7897
16,Group2,4093.0,0.871564,3488.0,1097.4643
16,Group2,4093.0,0.871564,3488.0,32291.391
16,Group1,13509.0,0.848098,11440.0,32116.2725
16,Group2,4093.0,0.871564,3488.0,32231.9225
16,Group1,13308.0,0.843762,11152.0,32050.4982
16,Group2,4015.0,0.865197,3376.0,32124.8142
16,Group2,4093.0,0.871564,3488.0,32294.0597
16,Group2,4093.0,0.871564,3488.0,41998.8199
16,Group1,15728.0,0.869023,13648.0,38490.127
16,Group1,15897.0,0.86697,13360.0,51502.223
16,Group1,15662.0,0.867922,13504.0,38661.8789
16,Group2,4849.0,0.885609,4080.0,38436.7797
16,Group1,15733.0,0.869287,13600.0,5708.7871
16,Group2,4849.0,0.885609,4080.0,38624.0041
16,Group1,15599.0,0.865794,13296.0,51510.6038
16,Group1,15979.0,0.869743,13648.0,38655.2181
16,Group1,15602.0,0.865625,13296.0,51560.2993
16,Group2,4848.0,0.885801,4080.0,51490.1684
16,Group2,4849.0,0.885609,4080.0,38492.2088
16,Group2,4848.0,0.885801,4080.0,38633.8819
16,Group2,4848.0,0.885801,4080.0,38615.2299
16,Group2,4609.0,0.883197,4000.0,38616.7339
16,Group2,4849.0,0.885609,4080.0,38532.6614
16,Group1,15978.0,0.869798,13648.0,38536.327
16,Group1,18037.0,0.886572,15984.0,42491.9864
16,Group1,17792.0,0.882996,15584.0,42432.1612
16,Group2,5505.0,0.90414,4848.0,42694.6708
16,Group2,5431.0,0.899473,4608.0,1009.3659
16,Group2,5506.0,0.903972,4848.0,42546.7047
16,Group2,5505.0,0.90414,4848.0,42594.8492
16,Group2,5506.0,0.903972,4848.0,1635.2543
16,Group1,18032.0,0.885273,15888.0,55260.1896
16,Group2,5505.0,0.90414,4848.0,42487.9017
16,Group1,17955.0,0.884372,15664.0,42697.7313
16,Group1,17810.0,0.88539,15744.0,42598.2641
16,Group2,5504.0,0.996829,5344.0,42656.2832
16,Group1,17795.0,0.883753,15600.0,42538.6048
16,Group2,5505.0,0.90414,4848.0,42424.9757
16,Group1,18035.0,0.88667,15984.0,42647.0953
16,Group1,19931.0,0.896548,17792.0,51284.8379
16,Group2,6105.0,0.914438,5504.0,51252.4624
16,Group1,20099.0,0.89765,18032.0,51145.3798
16,Group1,20097.0,0.89774,18032.0,60124.5477
16,Group1,20116.0,0.897487,18000.0,51243.0897
16,Group1,20056.0,0.898265,17968.0,51080.2483
16,Group1,20159.0,0.897919,18032.0,51282.1075
16,Group2,6106.0,0.914286,5504.0,866.3094
16,Group2,6105.0,0.914438,5504.0,1511.1508
16,Group2,6106.0,0.914286,5504.0,51219.0736
16,Group2,6105.0,0.914438,5504.0,51223.8551
16,Group1,19928.0,0.896684,17792.0,51138.3666
8,Group1,840.0,0.0,0.0,311.6394
8,Group2,840.0,0.0,832.0,397.2998
8,Group2,50.0,0.0,0.0,80.5549
8,Group1,636.0,0.0,0.0,396.43
8,Group1,243.0,0.0,0.0,335.6118
8,Group1,243.0,0.0,240.0,332.4369
8,Group2,50.0,0.0,48.0,304.4614
8,Group2,69.0,0.0,0.0,303.2793
8,Group1,2549.0,0.104666,240.0,1671.3262
8,Group2,703.0,0.085258,48.0,3614.6483
8,Group2,704.0,0.085106,48.0,3624.4887
8,Group1,2732.0,0.232316,624.0,3622.2212
8,Group1,2549.0,0.104666,240.0,855.3836
8,Group2,831.0,0.109777,64.0,1675.881
8,Group1,2947.0,0.287889,832.0,3612.2511
8,Group2,1386.0,0.614476,832.0,3635.8427
8,Group1,4867.0,0.568919,2720.0,7376.1338
8,Group2,1471.0,0.606691,816.0,7401.8011
8,Group2,2031.0,0.724211,1376.0,2374.0866
8,Group2,1481.0,0.565325,688.0,2376.1176
8,Group2,1481.0,0.578472,704.0,2394.8895
8,Group1,5029.0,0.589153,2944.0,1758.9184
8,Group1,4865.0,0.553284,2544.0,7403.494
8,Group1,4866.0,0.553164,2544.0,7378.5142
8,Group1,7275.0,0.709705,5024.0,10596.1153
8,Group1,6950.0,0.703297,4864.0,10622.6718
8,Group1,6926.0,0.703297,4864.0,10649.1928
8,Group2,2575.0,0.792141,2016.0,463.4276
8,Group2,2343.0,0.741562,1472.0,1078.1363
8,Group1,6925.0,0.703398,4864.0,10625.154
8,Group2,2232.0,0.737845,1472.0,1093.7945
8,Group2,2232.0,0.737845,1472.0,10651.6529
8,Group1,9352.0,0.778981,7264.0,13477.6424
8,Group1,8994.0,0.770053,6912.0,4145.4253
8,Group2,2830.0,0.809905,2224.0,4130.8449
8,Group2,3100.0,0.828747,2560.0,525.9443
8,Group2,2829.0,0.8102,2224.0,13461.2725
8,Group1,8994.0,0.771836,6928.0,13484.9888
8,Group1,9045.0,0.771641,6944.0,13455.4215
8,Group2,3029.0,0.817927,2336.0,4134.4673
8,Group1,11311.0,0.814198,8992.0,17983.6597
8,Group2,3759.0,0.853514,3024.0,5250.7343
8,Group1,11477.0,0.819505,9344.0,17951.2887
8,Group1,11195.0,0.814781,9040.0,17920.6027
8,Group1,11311.0,0.814198,8992.0,4410.0287
8,Group2,3671.0,0.854455,3088.0,5254.5669
8,Group2,3487.0,0.842357,2816.0,17958.9779
8,Group2,3488.0,0.842105,2816.0,17990.4054
8,Group1,13641.0,0.846707,11312.0,21756.4294
8,Group1,13658.0,0.848082,11472.0,21628.8452
8,Group1,13358.0,0.844394,11184.0,21691.7485
8,Group1,13642.0,0.846643,11312.0,21787.5814
8,Group2,4091.0,0.868,3472.0,21799.1334
8,Group2,4293.0,0.879944,3760.0,610.1058
8,Group2,4381.0,0.875508,3664.0,21754.847
8,Group2,4093.0,0.871564,3488.0,21687.0027
8,Group1,15978.0,0.869798,13648.0,26321.8607
8,Group2,4849.0,0.885609,4080.0,833.3614
8,Group1,15895.0,0.867082,13360.0,26355.9575
8,Group1,15731.0,0.868857,13648.0,26364.9388
8,Group2,4910.0,0.892032,4288.0,26326.0605
8,Group2,4981.0,0.892704,4368.0,26299.0384
8,Group2,4847.0,0.885993,4080.0,26303.742
8,Group1,15979.0,0.869743,13648.0,26264.6321
8,Group1,18030.0,0.885372,15888.0,27719.8574
8,Group1,18010.0,0.88454,15728.0,27774.5835
8,Group2,5667.0,0.905605,4912.0,27813.8731
8,Group2,5506.0,0.903972,4848.0,27818.5211
8,Group1,18036.0,0.886621,15984.0,27847.0556
8,Group2,5522.0,0.905715,4976.0,27769.7756
8,Group2,5504.0,0.904309,4848.0,27843.4831
8,Group1,18035.0,0.88667,15984.0,6288.0154
8,Group1,20119.0,0.999452,20048.0,23696.6473
8,Group1,20157.0,0.898008,18032.0,23588.2193
8,Group1,20097.0,0.89774,18032.0,23648.3372
8,Group2,6106.0,0.914286,5504.0,870.8962
8,Group2,6104.0,0.91459,5504.0,23538.499
8,Group1,20098.0,0.897695,18032.0,23544.3589
8,Group2,6234.0,0.916357,5664.0,23597.1445
8,Group2,6124.0,0.914664,5520.0,23643.814
16,Group1,840.0,0.0,832.0,391.6327
16,Group2,50.0,0.0,0.0,407.7531
16,Group2,50.0,0.0,48.0,386.5409
16,Group1,69.0,0.0,0.0,400.4071
16,Group1,50.0,0.0,48.0,388.7814
16,Group2,50.0,0.0,48.0,383.0211
16,Group1,50.0,0.0,48.0,383.7442
16,Group1,636.0,0.0,0.0,368.0543
16,Group2,50.0,0.0,48.0,391.4797
16,Group1,243.0,0.0,0.0,424.8218
16,Group1,243.0,0.0,240.0,388.7113
16,Group2,50.0,0.0,48.0,397.9168
16,Group2,49.0,0.0,48.0,405.207
16,Group2,47.0,0.0,0.0,379.1529
16,Group2,50.0,0.0,48.0,366.3851
16,Group1,840.0,0.0,0.0,310.0399
16,Group1,2921.0,0.287989,832.0,6904.7782
16,Group1,2946.0,0.287989,832.0,6568.7645
16,Group2,613.0,0.057041,32.0,1711.4078
16,Group2,704.0,0.085106,48.0,6609.3432
16,Group1,2367.0,0.030203,64.0,1713.0472
16,Group1,2543.0,0.104941,240.0,1708.9985
16,Group1,2549.0,0.104666,240.0,6606.4485
16,Group1,2732.0,0.232316,624.0,6572.6675
16,Group1,2240.0,0.022857,48.0,6578.6019
16,Group1,2240.0,0.022857,48.0,6612.5163
16,Group2,704.0,0.113475,64.0,6584.2684
16,Group2,703.0,0.085258,48.0,6597.8185
16,Group2,704.0,0.085106,48.0,6601.2388
16,Group2,704.0,0.085106,48.0,6576.6551
16,Group2,704.0,0.085106,48.0,239.2808
16,Group2,704.0,0.085106,48.0,6598.774
16,Group1,5028.0,0.589271,2944.0,1821.2737
16,Group1,4543.0,0.532488,2352.0,14660.0048
16,Group2,1481.0,0.578472,704.0,7271.9543
16,Group2,1482.0,0.577997,704.0,14621.3806
16,Group2,1481.0,0.565325,688.0,14661.466
16,Group1,4868.0,0.5688,2720.0,14619.6979
16,Group1,5101.0,0.585915,2912.0,7295.9989
16,Group2,1482.0,0.577997,704.0,7292.4173
16,Group2,1482.0,0.577997,704.0,14650.2798
16,Group1,4866.0,0.553164,2544.0,14624.3618
16,Group1,4554.0,0.522145,2240.0,14653.3841
16,Group1,4860.0,0.553886,2544.0,7309.4836
16,Group2,1482.0,0.577997,704.0,14627.9778
16,Group1,4554.0,0.522145,2240.0,7319.3914
16,Group2,1269.0,0.539485,608.0,14645.9805
16,Group2,1480.0,0.578947,704.0,7273.2824
16,Group1,6926.0,0.703297,4864.0,20148.3999
16,Group2,2233.0,0.737475,1472.0,5676.8781
16,Group2,2230.0,0.738585,1472.0,20110.123
16,Group2,2004.0,0.70852,1264.0,20125.7102
16,Group2,2232.0,0.737845,1472.0,20038.1859
16,Group1,7274.0,0.709805,5024.0,5636.6277
16,Group1,6951.0,0.686789,4528.0,20056.9246
16,Group1,6841.0,0.688068,4544.0,20086.242
16,Group1,7181.0,0.711509,5088.0,2548.9092
16,Group1,6841.0,0.688068,4544.0,21669.5251
16,Group2,2232.0,0.737845,1472.0,20114.3731
16,Group1,6952.0,0.703093,4864.0,20122.0328
16,Group1,6920.0,0.701592,4848.0,20037.3157
16,Group2,2233.0,0.737475,1472.0,20088.1027
16,Group2,2233.0,0.737475,1472.0,20064.6936
16,Group2,2233.0,0.737475,1472.0,5675.4184
16,Group1,9174.0,0.77147,6944.0,22979.2227
16,Group2,2830.0,0.809905,2224.0,23012.1325
16,Group1,8975.0,0.768418,6832.0,22915.4741
16,Group1,9242.0,0.776514,7168.0,23008.2447
16,Group1,8994.0,0.770053,6912.0,23049.5109
16,Group1,8975.0,0.768418,6832.0,27094.343
16,Group1,9351.0,0.779065,7264.0,23042.4265
16,Group2,2831.0,0.80961,2224.0,1100.9498
16,Group2,2830.0,0.809905,2224.0,1101.9583
16,Group2,2828.0,0.810496,2224.0,517.8098
16,Group1,9048.0,0.771384,6944.0,22972.6814
16,Group2,2831.0,0.80961,2224.0,22963.6869
16,Group2,2829.0,0.8102,2224.0,22960.2975
16,Group1,11349.0,0.81757,9232.0,26595.5721
16,Group2,3488.0,0.842105,2816.0,26599.1773
16,Group2,3488.0,0.842105,2816.0,26562.2677
16,Group2,3487.0,0.842357,2816.0,35506.7815
16,Group2,3488.0,0.842105,2816.0,26672.3934
16,Group2,3389.0,0.83871,2704.0,35470.7985
16,Group1,11311.0,0.814198,8992.0,26668.4502
16,Group2,3489.0,0.841854,2816.0,35460.1052
16,Group1,11198.0,0.814561,9040.0,35469.4443
16,Group1,11305.0,0.813191,8976.0,26537.8165
16,Group1,11169.0,0.812698,8960.0,26628.4204
16,Group1,11440.0,0.816821,9168.0,26622.503
16,Group1,11476.0,0.819577,9344.0,35505.0352
16,Group1,11168.0,0.812772,8960.0,26556.1086
16,Group2,3486.0,0.842609,2816.0,26533.7158
16,Group2,3489.0,0.841854,2816.0,621.9483
16,Group1,13642.0,0.846643,11312.0,31640.3141
16,Group2,4092.0,0.871782,3488.0,31517.6368
16,Group1,13636.0,0.845826,11296.0,42085.0573
16,Group2,4015.0,0.865197,3376.0,42035.8159
16,Group1,13510.0,0.848036,11440.0,31584.7114
16,Group2,4094.0,0.871346,3488.0,31477.8505
16,Group2,4094.0,0.871346,3488.0,42091.8349
16,Group1,13309.0,0.844908,11168.0,31523.206
16,Group1,13310.0,0.844845,11168.0,31645.7883
16,Group1,13657.0,0.848144,11472.0,31473.0151
16,Group1,13361.0,0.845411,11200.0,42023.5101
16,Group1,13595.0,0.84663,11344.0,31527.4295
16,Group2,4093.0,0.871564,3488.0,31702.7747
16,Group2,4092.0,0.867783,3472.0,655.6047
16,Group2,4093.0,0.871564,3488.0,31581.1015
16,Group2,4091.0,0.868,3472.0,31517.0565
16,Group1,15730.0,0.868912,13648.0,45276.334
16,Group2,4847.0,0.885993,4080.0,867.8377
16,Group2,4848.0,0.885801,4080.0,7464.3429
16,Group2,4609.0,0.883197,4000.0,45396.8504
16,Group2,4848.0,0.885801,4080.0,45317.4
16,Group2,4849.0,0.885609,4080.0,45208.436
16,Group1,15898.0,0.866913,13360.0,45388.695
16,Group1,15733.0,0.868265,13584.0,45318.4009
16,Group1,15601.0,0.865681,13296.0,45198.5462
16,Group1,15973.0,0.869055,13632.0,51589.3149
16,Group1,15602.0,0.865625,13296.0,45437.0532
16,Group1,15979.0,0.869743,13648.0,7518.9883
16,Group1,15662.0,0.867922,13504.0,45271.139
16,Group1,18033.0,0.885224,15888.0,41963.4286
16,Group1,18031.0,0.885979,15968.0,55780.9079
16,Group2,5506.0,0.903972,4848.0,42012.914
16,Group2,5431.0,0.899473,4608.0,42192.9104
16,Group2,5505.0,0.90414,4848.0,842.3585
16,Group2,5504.0,0.901324,4832.0,55775.016
16,Group2,5506.0,0.903972,4848.0,42130.5714
16,Group2,5505.0,0.90414,4848.0,55911.9044
16,Group2,5505.0,0.90414,4848.0,42087.207
16,Group1,17795.0,0.883753,15600.0,55819.4494
16,Group1,18009.0,0.884589,15728.0,42254.0917
16,Group1,18037.0,0.886572,15984.0,42182.0141
16,Group2,5506.0,0.903972,4848.0,55823.794
16,Group1,17954.0,0.884422,15664.0,42134.0804
16,Group1,17794.0,0.883803,15600.0,42017.4218
16,Group1,17811.0,0.88444,15728.0,42082.5926
16,Group1,20098.0,0.897695,18032.0,56277.3101
16,Group2,6105.0,0.914438,5504.0,56203.8035
16,Group2,6106.0,0.914286,5504.0,56158.3886
16,Group1,19931.0,0.896548,17792.0,56024.9927
16,Group1,20160.0,0.897874,18032.0,7321.5456
16,Group2,6106.0,0.914286,5504.0,56090.5775
16,Group1,20057.0,0.897421,17952.0,56093.751
16,Group1,20119.0,0.897353,18000.0,56150.1531
16,Group1,20092.0,0.897166,18016.0,56206.7063
16,Group2,6103.0,0.912363,5424.0,7994.4953
16,Group1,19950.0,0.896632,17808.0,56340.1781
16,Group1,19930.0,0.896593,17792.0,60864.5129
16,Group2,6105.0,0.914438,5504.0,56281.5319
8,Group1,243.0,0.0,0.0,396.4889
8,Group2,69.0,0.0,0.0,400.7153
8,Group2,50.0,0.0,0.0,392.8342
8,Group1,636.0,0.0,0.0,212.5732
8,Group1,243.0,0.0,240.0,385.1405
8,Group1,840.0,0.0,832.0,391.0673
8,Group2,50.0,0.0,48.0,387.3882
8,Group2,840.0,0.0,0.0,398.4136
8,Group1,2732.0,0.232316,624.0,3657.8362
8,Group1,2549.0,0.104666,240.0,3655.4999
8,Group2,831.0,0.109777,64.0,3649.2776
8,Group1,2946.0,0.287889,832.0,1923.4127
8,Group2,1386.0,0.614476,832.0,1920.9345
8,Group2,704.0,0.085106,48.0,3652.3056
8,Group1,2549.0,0.104666,240.0,1929.8887
8,Group2,704.0,0.085106,48.0,225.1927
8,Group1,4868.0,0.5688,2720.0,7419.3847
8,Group2,1471.0,0.618587,832.0,7479.6453
8,Group1,4866.0,0.553164,2544.0,7451.3849
8,Group2,2030.0,0.724592,1376.0,7458.4382
8,Group1,4866.0,0.553164,2544.0,7434.8237
8,Group2,1482.0,0.577997,704.0,7436.8837
8,Group2,1482.0,0.577997,704.0,396.1738
8,Group1,5027.0,0.589271,2944.0,7481.0734
8,Group1,6926.0,0.703297,4864.0,10708.8452
8,Group1,7273.0,0.709805,5024.0,10642.7667
8,Group1,6926.0,0.703297,4864.0,10688.6655
8,Group2,2574.0,0.792453,2016.0,446.3373
8,Group1,6952.0,0.703093,4864.0,10662.8265
8,Group2,2233.0,0.737475,1472.0,10683.0982
8,Group2,2231.0,0.738215,1472.0,10713.1487
8,Group2,2343.0,0.741562,1472.0,783.525
8,Group1,8994.0,0.770053,6912.0,13484.31
8,Group2,3030.0,0.817641,2336.0,6906.2409
8,Group2,3099.0,0.829016,2560.0,6912.8152
8,Group2,2830.0,0.809905,2224.0,13464.2914
8,Group2,2829.0,0.8102,2224.0,13466.7325
8,Group1,9350.0,0.779065,7264.0,3315.381
8,Group1,8995.0,0.769968,6912.0,6933.8979
8,Group1,9047.0,0.77147,6944.0,13478.3676
8,Group1,11313.0,0.81405,8992.0,17992.8374
8,Group1,11311.0,0.814198,8992.0,18068.1372
8,Group2,3487.0,0.842357,2816.0,620.5326
8,Group2,3670.0,0.854691,3088.0,17956.4062
8,Group2,3760.0,0.853273,3024.0,17990.6047
8,Group2,3488.0,0.842105,2816.0,18032.4102
8,Group1,11197.0,0.814635,9040.0,17950.7393
8,Group1,11475.0,0.819577,9344.0,18021.6811
8,Group1,13656.0,0.848144,11472.0,21694.3375
8,Group1,13360.0,0.844267,11184.0,21632.3337
8,Group2,4092.0,0.867783,3472.0,6182.6506
8,Group2,4294.0,0.879738,3760.0,6173.4988
8,Group2,4380.0,0.875717,3664.0,21636.8585
8,Group1,13644.0,0.846517,11312.0,21702.0702
8,Group2,4093.0,0.871564,3488.0,21615.7534
8,Group1,13641.0,0.846707,11312.0,5361.538
8,Group1,15897.0,0.86697,13360.0,26441.1672
8,Group2,4848.0,0.885801,4080.0,26388.171
8,Group2,4911.0,0.891847,4288.0,26436.2783
8,Group1,15977.0,0.868834,13632.0,26355.7742
8,Group2,4982.0,0.892521,4368.0,736.7032
8,Group1,15729.0,0.868912,13648.0,26297.1319
8,Group2,4849.0,0.885609,4080.0,26354.3162
8,Group1,15981.0,0.869632,13648.0,26397.8167
8,Group1,18035.0,0.88667,15984.0,6374.7469
8,Group2,5523.0,0.905551,4976.0,27825.6178
8,Group2,5505.0,0.90414,4848.0,7619.9779
8,Group2,5506.0,0.903972,4848.0,7623.9461
8,Group1,18032.0,0.885273,15888.0,27773.57
8,Group1,18039.0,0.886473,15984.0,27818.2912
8,Group1,18008.0,0.884589,15728.0,27868.9893
8,Group2,5668.0,0.905438,4912.0,27865.3681
8,Group1,20101.0,0.897561,18032.0,30334.5128
8,Group1,20097.0,0.89774,18032.0,30247.2979
8,Group2,6235.0,0.916208,5664.0,30329.9761
8,Group1,20158.0,0.897963,18032.0,30195.7044
8,Group2,6125.0,0.914513,5520.0,30395.3894
8,Group2,6105.0,0.914438,5504.0,879.268
8,Group1,20118.0,0.897353,18000.0,30399.9302
8,Group2,6106.0,0.914286,5504.0,30257.2088
